"STATION","NAME","LATITUDE","LONGITUDE","ELEVATION","DATE","PRCP","TAVG","TMAX","TMIN","TOBS"
"USR0000CALT","LOS ALTOS CALIFORNIA, CA US","37.3581","-122.1472","196.6","2019-01-01",,"42","55","33",
"USR0000CALT","LOS ALTOS CALIFORNIA, CA US","37.3581","-122.1472","196.6","2019-01-02",,"45","60","36",
"USR0000CALT","LOS ALTOS CALIFORNIA, CA US","37.3581","-122.1472","196.6","2019-01-03",,"44","58","36",
"USR0000CALT","LOS ALTOS CALIFORNIA, CA US","37.3581","-122.1472","196.6","2019-01-04",,"47","62","36",
"USR0000CALT","LOS ALTOS CALIFORNIA, CA US","37.3581","-122.1472","196.6","2019-01-05",,"51","54","46",
"USR0000CALT","LOS ALTOS CALIFORNIA, CA US","37.3581","-122.1472","196.6","2019-01-06",,"52","58","45",
"USR0000CALT","LOS ALTOS CALIFORNIA, CA US","37.3581","-122.1472","196.6","2019-01-07",,"54","62","48",
"USR0000CALT","LOS ALTOS CALIFORNIA, CA US","37.3581","-122.1472","196.6","2019-01-08",,"55","59","52",
"USR0000CALT","LOS ALTOS CALIFORNIA, CA US","37.3581","-122.1472","196.6","2019-01-09",,"55","59","47",
"USR0000CALT","LOS ALTOS CALIFORNIA, CA US","37.3581","-122.1472","196.6","2019-01-10",,"50","59","44",
"USR0000CALT","LOS ALTOS CALIFORNIA, CA US","37.3581","-122.1472","196.6","2019-01-11",,"52","61","46",
"USR0000CALT","LOS ALTOS CALIFORNIA, CA US","37.3581","-122.1472","196.6","2019-01-12",,"52","60","46",
"USR0000CALT","LOS ALTOS CALIFORNIA, CA US","37.3581","-122.1472","196.6","2019-01-13",,"50","60","43",
"USR0000CALT","LOS ALTOS CALIFORNIA, CA US","37.3581","-122.1472","196.6","2019-01-14",,"50","57","46",
"USR0000CALT","LOS ALTOS CALIFORNIA, CA US","37.3581","-122.1472","196.6","2019-01-15",,"52","55","50",
"USR0000CALT","LOS ALTOS CALIFORNIA, CA US","37.3581","-122.1472","196.6","2019-01-16",,"56","60","53",
"USR0000CALT","LOS ALTOS CALIFORNIA, CA US","37.3581","-122.1472","196.6","2019-01-17",,"55","59","50",
"USR0000CALT","LOS ALTOS CALIFORNIA, CA US","37.3581","-122.1472","196.6","2019-01-18",,"55","63","49",
"USR0000CALT","LOS ALTOS CALIFORNIA, CA US","37.3581","-122.1472","196.6","2019-01-19",,"58","68","51",
"USR0000CALT","LOS ALTOS CALIFORNIA, CA US","37.3581","-122.1472","196.6","2019-01-20",,"54","64","46",
"USR0000CALT","LOS ALTOS CALIFORNIA, CA US","37.3581","-122.1472","196.6","2019-01-21",,"51","59","44",
"USR0000CALT","LOS ALTOS CALIFORNIA, CA US","37.3581","-122.1472","196.6","2019-01-22",,"48","61","39",
"USR0000CALT","LOS ALTOS CALIFORNIA, CA US","37.3581","-122.1472","196.6","2019-01-23",,"49","63","40",
"USR0000CALT","LOS ALTOS CALIFORNIA, CA US","37.3581","-122.1472","196.6","2019-01-24",,"53","68","44",
"USR0000CALT","LOS ALTOS CALIFORNIA, CA US","37.3581","-122.1472","196.6","2019-01-25",,"52","68","41",
"USR0000CALT","LOS ALTOS CALIFORNIA, CA US","37.3581","-122.1472","196.6","2019-01-26",,"56","66","49",
"USR0000CALT","LOS ALTOS CALIFORNIA, CA US","37.3581","-122.1472","196.6","2019-01-27",,"56","71","48",
"USR0000CALT","LOS ALTOS CALIFORNIA, CA US","37.3581","-122.1472","196.6","2019-01-28",,"57","70","50",
"USR0000CALT","LOS ALTOS CALIFORNIA, CA US","37.3581","-122.1472","196.6","2019-01-29",,"54","66","48",
"USR0000CALT","LOS ALTOS CALIFORNIA, CA US","37.3581","-122.1472","196.6","2019-01-30",,"54","67","44",
"USR0000CALT","LOS ALTOS CALIFORNIA, CA US","37.3581","-122.1472","196.6","2019-01-31",,"54","61","50",
"USR0000CALT","LOS ALTOS CALIFORNIA, CA US","37.3581","-122.1472","196.6","2019-02-01",,"53","57","48",
"USR0000CALT","LOS ALTOS CALIFORNIA, CA US","37.3581","-122.1472","196.6","2019-02-02",,"52","58","47",
"USR0000CALT","LOS ALTOS CALIFORNIA, CA US","37.3581","-122.1472","196.6","2019-02-03",,"51","56","48",
"USR0000CALT","LOS ALTOS CALIFORNIA, CA US","37.3581","-122.1472","196.6","2019-02-04",,"45","50","38",
"USR0000CALT","LOS ALTOS CALIFORNIA, CA US","37.3581","-122.1472","196.6","2019-02-05",,"43","51","36",
"USR0000CALT","LOS ALTOS CALIFORNIA, CA US","37.3581","-122.1472","196.6","2019-02-06",,"46","56","39",
"USR0000CALT","LOS ALTOS CALIFORNIA, CA US","37.3581","-122.1472","196.6","2019-02-07",,"45","55","35",
"USR0000CALT","LOS ALTOS CALIFORNIA, CA US","37.3581","-122.1472","196.6","2019-02-08",,"45","52","39",
"USR0000CALT","LOS ALTOS CALIFORNIA, CA US","37.3581","-122.1472","196.6","2019-02-09",,"46","56","39",
"USR0000CALT","LOS ALTOS CALIFORNIA, CA US","37.3581","-122.1472","196.6","2019-02-10",,"44","53","38",
"USR0000CALT","LOS ALTOS CALIFORNIA, CA US","37.3581","-122.1472","196.6","2019-02-11",,"44","52","37",
"USR0000CALT","LOS ALTOS CALIFORNIA, CA US","37.3581","-122.1472","196.6","2019-02-12",,"46","54","37",
"USR0000CALT","LOS ALTOS CALIFORNIA, CA US","37.3581","-122.1472","196.6","2019-02-13",,"55","61","45",
"USR0000CALT","LOS ALTOS CALIFORNIA, CA US","37.3581","-122.1472","196.6","2019-02-14",,"53","62","48",
"USR0000CALT","LOS ALTOS CALIFORNIA, CA US","37.3581","-122.1472","196.6","2019-02-15",,"46","51","42",
"USR0000CALT","LOS ALTOS CALIFORNIA, CA US","37.3581","-122.1472","196.6","2019-02-16",,"46","54","42",
"USR0000CALT","LOS ALTOS CALIFORNIA, CA US","37.3581","-122.1472","196.6","2019-02-17",,"46","55","39",
"USR0000CALT","LOS ALTOS CALIFORNIA, CA US","37.3581","-122.1472","196.6","2019-02-18",,"44","56","36",
"USR0000CALT","LOS ALTOS CALIFORNIA, CA US","37.3581","-122.1472","196.6","2019-02-19",,"47","59","36",
"USR0000CALT","LOS ALTOS CALIFORNIA, CA US","37.3581","-122.1472","196.6","2019-02-20",,"49","58","44",
"USR0000CALT","LOS ALTOS CALIFORNIA, CA US","37.3581","-122.1472","196.6","2019-02-21",,"47","56","38",
"USR0000CALT","LOS ALTOS CALIFORNIA, CA US","37.3581","-122.1472","196.6","2019-02-22",,"44","57","32",
"USR0000CALT","LOS ALTOS CALIFORNIA, CA US","37.3581","-122.1472","196.6","2019-02-23",,"47","59","36",
"USR0000CALT","LOS ALTOS CALIFORNIA, CA US","37.3581","-122.1472","196.6","2019-02-24",,"50","62","43",
"USR0000CALT","LOS ALTOS CALIFORNIA, CA US","37.3581","-122.1472","196.6","2019-02-25",,"52","57","46",
"USR0000CALT","LOS ALTOS CALIFORNIA, CA US","37.3581","-122.1472","196.6","2019-02-26",,"54","59","50",
"USR0000CALT","LOS ALTOS CALIFORNIA, CA US","37.3581","-122.1472","196.6","2019-02-27",,"54","62","50",
"USR0000CALT","LOS ALTOS CALIFORNIA, CA US","37.3581","-122.1472","196.6","2019-02-28",,"49","56","41",
"USR0000CALT","LOS ALTOS CALIFORNIA, CA US","37.3581","-122.1472","196.6","2019-03-01",,"49","57","40",
"USR0000CALT","LOS ALTOS CALIFORNIA, CA US","37.3581","-122.1472","196.6","2019-03-02",,"54","64","48",
"USR0000CALT","LOS ALTOS CALIFORNIA, CA US","37.3581","-122.1472","196.6","2019-03-03",,"53","59","48",
"USR0000CALT","LOS ALTOS CALIFORNIA, CA US","37.3581","-122.1472","196.6","2019-03-04",,"50","56","45",
"USR0000CALT","LOS ALTOS CALIFORNIA, CA US","37.3581","-122.1472","196.6","2019-03-05",,"52","57","47",
"USR0000CALT","LOS ALTOS CALIFORNIA, CA US","37.3581","-122.1472","196.6","2019-03-06",,"54","61","49",
"USR0000CALT","LOS ALTOS CALIFORNIA, CA US","37.3581","-122.1472","196.6","2019-03-07",,"48","53","44",
"USR0000CALT","LOS ALTOS CALIFORNIA, CA US","37.3581","-122.1472","196.6","2019-03-08",,"47","54","39",
"USR0000CALT","LOS ALTOS CALIFORNIA, CA US","37.3581","-122.1472","196.6","2019-03-09",,"46","55","40",
"USR0000CALT","LOS ALTOS CALIFORNIA, CA US","37.3581","-122.1472","196.6","2019-03-10",,"48","59","41",
"USR0000CALT","LOS ALTOS CALIFORNIA, CA US","37.3581","-122.1472","196.6","2019-03-11",,"51","65","39",
"USR0000CALT","LOS ALTOS CALIFORNIA, CA US","37.3581","-122.1472","196.6","2019-03-12",,"51","60","43",
"USR0000CALT","LOS ALTOS CALIFORNIA, CA US","37.3581","-122.1472","196.6","2019-03-13",,"51","63","43",
"USR0000CALT","LOS ALTOS CALIFORNIA, CA US","37.3581","-122.1472","196.6","2019-03-14",,"52","66","40",
"USR0000CALT","LOS ALTOS CALIFORNIA, CA US","37.3581","-122.1472","196.6","2019-03-15",,"53","70","39",
"USR0000CALT","LOS ALTOS CALIFORNIA, CA US","37.3581","-122.1472","196.6","2019-03-16",,"56","73","41",
"USR0000CALT","LOS ALTOS CALIFORNIA, CA US","37.3581","-122.1472","196.6","2019-03-17",,"58","76","43",
"USR0000CALT","LOS ALTOS CALIFORNIA, CA US","37.3581","-122.1472","196.6","2019-03-18",,"60","77","47",
"USR0000CALT","LOS ALTOS CALIFORNIA, CA US","37.3581","-122.1472","196.6","2019-03-19",,"59","73","47",
"USR0000CALT","LOS ALTOS CALIFORNIA, CA US","37.3581","-122.1472","196.6","2019-03-20",,"52","62","43",
"USR0000CALT","LOS ALTOS CALIFORNIA, CA US","37.3581","-122.1472","196.6","2019-03-21",,"51","61","41",
"USR0000CALT","LOS ALTOS CALIFORNIA, CA US","37.3581","-122.1472","196.6","2019-03-22",,"52","59","43",
"USR0000CALT","LOS ALTOS CALIFORNIA, CA US","37.3581","-122.1472","196.6","2019-03-23",,"53","64","41",
"USR0000CALT","LOS ALTOS CALIFORNIA, CA US","37.3581","-122.1472","196.6","2019-03-24",,"53","66","38",
"USR0000CALT","LOS ALTOS CALIFORNIA, CA US","37.3581","-122.1472","196.6","2019-03-25",,"54","64","43",
"USR0000CALT","LOS ALTOS CALIFORNIA, CA US","37.3581","-122.1472","196.6","2019-03-26",,"56","70","44",
"USR0000CALT","LOS ALTOS CALIFORNIA, CA US","37.3581","-122.1472","196.6","2019-03-27",,"55","61","45",
"USR0000CALT","LOS ALTOS CALIFORNIA, CA US","37.3581","-122.1472","196.6","2019-03-28",,"53","62","45",
"USR0000CALT","LOS ALTOS CALIFORNIA, CA US","37.3581","-122.1472","196.6","2019-03-29",,"52","64","43",
"USR0000CALT","LOS ALTOS CALIFORNIA, CA US","37.3581","-122.1472","196.6","2019-03-30",,"55","69","42",
"USR0000CALT","LOS ALTOS CALIFORNIA, CA US","37.3581","-122.1472","196.6","2019-03-31",,"59","76","44",
"USR0000CALT","LOS ALTOS CALIFORNIA, CA US","37.3581","-122.1472","196.6","2019-04-01",,"56","65","47",
"USR0000CALT","LOS ALTOS CALIFORNIA, CA US","37.3581","-122.1472","196.6","2019-04-02",,"55","62","49",
"USR0000CALT","LOS ALTOS CALIFORNIA, CA US","37.3581","-122.1472","196.6","2019-04-03",,"55","60","49",
"USR0000CALT","LOS ALTOS CALIFORNIA, CA US","37.3581","-122.1472","196.6","2019-04-04",,"55","64","49",
"USR0000CALT","LOS ALTOS CALIFORNIA, CA US","37.3581","-122.1472","196.6","2019-04-05",,"55","64","49",
"USR0000CALT","LOS ALTOS CALIFORNIA, CA US","37.3581","-122.1472","196.6","2019-04-06",,"59","67","53",
"USR0000CALT","LOS ALTOS CALIFORNIA, CA US","37.3581","-122.1472","196.6","2019-04-07",,"61","74","50",
"USR0000CALT","LOS ALTOS CALIFORNIA, CA US","37.3581","-122.1472","196.6","2019-04-08",,"62","73","52",
"USR0000CALT","LOS ALTOS CALIFORNIA, CA US","37.3581","-122.1472","196.6","2019-04-09",,"57","65","51",
"USR0000CALT","LOS ALTOS CALIFORNIA, CA US","37.3581","-122.1472","196.6","2019-04-10",,"58","70","47",
"USR0000CALT","LOS ALTOS CALIFORNIA, CA US","37.3581","-122.1472","196.6","2019-04-11",,"55","67","46",
"USR0000CALT","LOS ALTOS CALIFORNIA, CA US","37.3581","-122.1472","196.6","2019-04-12",,"57","73","45",
"USR0000CALT","LOS ALTOS CALIFORNIA, CA US","37.3581","-122.1472","196.6","2019-04-13",,"60","77","45",
"USR0000CALT","LOS ALTOS CALIFORNIA, CA US","37.3581","-122.1472","196.6","2019-04-14",,"55","70","45",
"USR0000CALT","LOS ALTOS CALIFORNIA, CA US","37.3581","-122.1472","196.6","2019-04-15",,"52","66","42",
"USR0000CALT","LOS ALTOS CALIFORNIA, CA US","37.3581","-122.1472","196.6","2019-04-16",,"56","66","45",
"USR0000CALT","LOS ALTOS CALIFORNIA, CA US","37.3581","-122.1472","196.6","2019-04-17",,"58","76","43",
"USR0000CALT","LOS ALTOS CALIFORNIA, CA US","37.3581","-122.1472","196.6","2019-04-18",,"64","82","47",
"USR0000CALT","LOS ALTOS CALIFORNIA, CA US","37.3581","-122.1472","196.6","2019-04-19",,"62","78","51",
"USR0000CALT","LOS ALTOS CALIFORNIA, CA US","37.3581","-122.1472","196.6","2019-04-20",,"53","60","48",
"USR0000CALT","LOS ALTOS CALIFORNIA, CA US","37.3581","-122.1472","196.6","2019-04-21",,"58","74","43",
"USR0000CALT","LOS ALTOS CALIFORNIA, CA US","37.3581","-122.1472","196.6","2019-04-22",,"65","83","45",
"USR0000CALT","LOS ALTOS CALIFORNIA, CA US","37.3581","-122.1472","196.6","2019-04-23",,"72","89","56",
"USR0000CALT","LOS ALTOS CALIFORNIA, CA US","37.3581","-122.1472","196.6","2019-04-24",,"72","90","55",
"USR0000CALT","LOS ALTOS CALIFORNIA, CA US","37.3581","-122.1472","196.6","2019-04-25",,"63","81","50",
"USR0000CALT","LOS ALTOS CALIFORNIA, CA US","37.3581","-122.1472","196.6","2019-04-26",,"63","82","50",
"USR0000CALT","LOS ALTOS CALIFORNIA, CA US","37.3581","-122.1472","196.6","2019-04-27",,"59","75","48",
"USR0000CALT","LOS ALTOS CALIFORNIA, CA US","37.3581","-122.1472","196.6","2019-04-28",,"59","71","48",
"USR0000CALT","LOS ALTOS CALIFORNIA, CA US","37.3581","-122.1472","196.6","2019-04-29",,"60","73","48",
"USR0000CALT","LOS ALTOS CALIFORNIA, CA US","37.3581","-122.1472","196.6","2019-04-30",,"56","68","45",
"USR0000CALT","LOS ALTOS CALIFORNIA, CA US","37.3581","-122.1472","196.6","2019-05-01",,"59","76","43",
"USR0000CALT","LOS ALTOS CALIFORNIA, CA US","37.3581","-122.1472","196.6","2019-05-02",,"60","78","43",
"USR0000CALT","LOS ALTOS CALIFORNIA, CA US","37.3581","-122.1472","196.6","2019-05-03",,"60","79","44",
"USR0000CALT","LOS ALTOS CALIFORNIA, CA US","37.3581","-122.1472","196.6","2019-05-04",,"57","73","46",
"USR0000CALT","LOS ALTOS CALIFORNIA, CA US","37.3581","-122.1472","196.6","2019-05-05",,"57","67","49",
"USR0000CALT","LOS ALTOS CALIFORNIA, CA US","37.3581","-122.1472","196.6","2019-05-06",,"56","64","51",
"USR0000CALT","LOS ALTOS CALIFORNIA, CA US","37.3581","-122.1472","196.6","2019-05-07",,"60","71","52",
"USR0000CALT","LOS ALTOS CALIFORNIA, CA US","37.3581","-122.1472","196.6","2019-05-08",,"61","74","54",
"USR0000CALT","LOS ALTOS CALIFORNIA, CA US","37.3581","-122.1472","196.6","2019-05-09",,"60","70","55",
"USR0000CALT","LOS ALTOS CALIFORNIA, CA US","37.3581","-122.1472","196.6","2019-05-10",,"63","77","53",
"USR0000CALT","LOS ALTOS CALIFORNIA, CA US","37.3581","-122.1472","196.6","2019-05-11",,"62","74","54",
"USR0000CALT","LOS ALTOS CALIFORNIA, CA US","37.3581","-122.1472","196.6","2019-05-12",,"62","74","51",
"USR0000CALT","LOS ALTOS CALIFORNIA, CA US","37.3581","-122.1472","196.6","2019-05-13",,"59","74","46",
"USR0000CALT","LOS ALTOS CALIFORNIA, CA US","37.3581","-122.1472","196.6","2019-05-14",,"59","68","53",
"USR0000CALT","LOS ALTOS CALIFORNIA, CA US","37.3581","-122.1472","196.6","2019-05-15",,"58","66","51",
"USR0000CALT","LOS ALTOS CALIFORNIA, CA US","37.3581","-122.1472","196.6","2019-05-16",,"53","59","50",
"USR0000CALT","LOS ALTOS CALIFORNIA, CA US","37.3581","-122.1472","196.6","2019-05-17",,"54","65","44",
"USR0000CALT","LOS ALTOS CALIFORNIA, CA US","37.3581","-122.1472","196.6","2019-05-18",,"51","57","42",
"USR0000CALT","LOS ALTOS CALIFORNIA, CA US","37.3581","-122.1472","196.6","2019-05-19",,"52","60","47",
"USR0000CALT","LOS ALTOS CALIFORNIA, CA US","37.3581","-122.1472","196.6","2019-05-20",,"54","64","43",
"USR0000CALT","LOS ALTOS CALIFORNIA, CA US","37.3581","-122.1472","196.6","2019-05-21",,"53","60","49",
"USR0000CALT","LOS ALTOS CALIFORNIA, CA US","37.3581","-122.1472","196.6","2019-05-22",,"60","72","51",
"USR0000CALT","LOS ALTOS CALIFORNIA, CA US","37.3581","-122.1472","196.6","2019-05-23",,"61","75","49",
"USR0000CALT","LOS ALTOS CALIFORNIA, CA US","37.3581","-122.1472","196.6","2019-05-24",,"61","74","49",
"USR0000CALT","LOS ALTOS CALIFORNIA, CA US","37.3581","-122.1472","196.6","2019-05-25",,"57","70","50",
"USR0000CALT","LOS ALTOS CALIFORNIA, CA US","37.3581","-122.1472","196.6","2019-05-26",,"53","59","50",
"USR0000CALT","LOS ALTOS CALIFORNIA, CA US","37.3581","-122.1472","196.6","2019-05-27",,"54","63","46",
"USR0000CALT","LOS ALTOS CALIFORNIA, CA US","37.3581","-122.1472","196.6","2019-05-28",,"62","75","52",
"USR0000CALT","LOS ALTOS CALIFORNIA, CA US","37.3581","-122.1472","196.6","2019-05-29",,"62","81","49",
"USR0000CALT","LOS ALTOS CALIFORNIA, CA US","37.3581","-122.1472","196.6","2019-05-30",,"59","71","47",
"USR0000CALT","LOS ALTOS CALIFORNIA, CA US","37.3581","-122.1472","196.6","2019-05-31",,"65","82","52",
"USR0000CALT","LOS ALTOS CALIFORNIA, CA US","37.3581","-122.1472","196.6","2019-06-01",,"66","82","54",
"USR0000CALT","LOS ALTOS CALIFORNIA, CA US","37.3581","-122.1472","196.6","2019-06-02",,"65","77","57",
"USR0000CALT","LOS ALTOS CALIFORNIA, CA US","37.3581","-122.1472","196.6","2019-06-03",,"66","80","55",
"USR0000CALT","LOS ALTOS CALIFORNIA, CA US","37.3581","-122.1472","196.6","2019-06-04",,"71","90","51",
"USR0000CALT","LOS ALTOS CALIFORNIA, CA US","37.3581","-122.1472","196.6","2019-06-05",,"70","88","54",
"USR0000CALT","LOS ALTOS CALIFORNIA, CA US","37.3581","-122.1472","196.6","2019-06-06",,"63","76","51",
"USR0000CALT","LOS ALTOS CALIFORNIA, CA US","37.3581","-122.1472","196.6","2019-06-07",,"62","77","44",
"USR0000CALT","LOS ALTOS CALIFORNIA, CA US","37.3581","-122.1472","196.6","2019-06-08",,"70","86","54",
"USR0000CALT","LOS ALTOS CALIFORNIA, CA US","37.3581","-122.1472","196.6","2019-06-09",,"78","94","58",
"USR0000CALT","LOS ALTOS CALIFORNIA, CA US","37.3581","-122.1472","196.6","2019-06-10",,"83","102","66",
"USR0000CALT","LOS ALTOS CALIFORNIA, CA US","37.3581","-122.1472","196.6","2019-06-11",,"84","103","66",
"USR0000CALT","LOS ALTOS CALIFORNIA, CA US","37.3581","-122.1472","196.6","2019-06-12",,"78","95","61",
"USR0000CALT","LOS ALTOS CALIFORNIA, CA US","37.3581","-122.1472","196.6","2019-06-13",,"69","83","59",
"USR0000CALT","LOS ALTOS CALIFORNIA, CA US","37.3581","-122.1472","196.6","2019-06-14",,"64","77","52",
"USR0000CALT","LOS ALTOS CALIFORNIA, CA US","37.3581","-122.1472","196.6","2019-06-15",,"62","72","56",
"USR0000CALT","LOS ALTOS CALIFORNIA, CA US","37.3581","-122.1472","196.6","2019-06-16",,"63","74","56",
"USR0000CALT","LOS ALTOS CALIFORNIA, CA US","37.3581","-122.1472","196.6","2019-06-17",,"68","82","56",
"USR0000CALT","LOS ALTOS CALIFORNIA, CA US","37.3581","-122.1472","196.6","2019-06-18",,"70","84","57",
"USR0000CALT","LOS ALTOS CALIFORNIA, CA US","37.3581","-122.1472","196.6","2019-06-19",,"68","81","59",
"USR0000CALT","LOS ALTOS CALIFORNIA, CA US","37.3581","-122.1472","196.6","2019-06-20",,"66","79","51",
"USR0000CALT","LOS ALTOS CALIFORNIA, CA US","37.3581","-122.1472","196.6","2019-06-21",,"65","83","50",
"USR0000CALT","LOS ALTOS CALIFORNIA, CA US","37.3581","-122.1472","196.6","2019-06-22",,"71","92","51",
"USR0000CALT","LOS ALTOS CALIFORNIA, CA US","37.3581","-122.1472","196.6","2019-06-23",,"72","91","53",
"USR0000CALT","LOS ALTOS CALIFORNIA, CA US","37.3581","-122.1472","196.6","2019-06-24",,"69","86","54",
"USR0000CALT","LOS ALTOS CALIFORNIA, CA US","37.3581","-122.1472","196.6","2019-06-25",,"67","85","53",
"USR0000CALT","LOS ALTOS CALIFORNIA, CA US","37.3581","-122.1472","196.6","2019-06-26",,"63","76","52",
"USR0000CALT","LOS ALTOS CALIFORNIA, CA US","37.3581","-122.1472","196.6","2019-06-27",,"62","77","48",
"USR0000CALT","LOS ALTOS CALIFORNIA, CA US","37.3581","-122.1472","196.6","2019-06-28",,"64","78","50",
"USR0000CALT","LOS ALTOS CALIFORNIA, CA US","37.3581","-122.1472","196.6","2019-06-29",,"64","81","47",
"USR0000CALT","LOS ALTOS CALIFORNIA, CA US","37.3581","-122.1472","196.6","2019-06-30",,"64","84","49",
"USR0000CALT","LOS ALTOS CALIFORNIA, CA US","37.3581","-122.1472","196.6","2019-07-01",,"65","81","49",
"USR0000CALT","LOS ALTOS CALIFORNIA, CA US","37.3581","-122.1472","196.6","2019-07-02",,"65","80","51",
"USR0000CALT","LOS ALTOS CALIFORNIA, CA US","37.3581","-122.1472","196.6","2019-07-03",,"65","82","49",
"USR0000CALT","LOS ALTOS CALIFORNIA, CA US","37.3581","-122.1472","196.6","2019-07-04",,"64","81","49",
"USR0000CALT","LOS ALTOS CALIFORNIA, CA US","37.3581","-122.1472","196.6","2019-07-05",,"66","83","53",
"USR0000CALT","LOS ALTOS CALIFORNIA, CA US","37.3581","-122.1472","196.6","2019-07-06",,"66","83","50",
"USR0000CALT","LOS ALTOS CALIFORNIA, CA US","37.3581","-122.1472","196.6","2019-07-07",,"64","79","50",
"USR0000CALT","LOS ALTOS CALIFORNIA, CA US","37.3581","-122.1472","196.6","2019-07-08",,"62","77","49",
"USR0000CALT","LOS ALTOS CALIFORNIA, CA US","37.3581","-122.1472","196.6","2019-07-09",,"64","78","49",
"USR0000CALT","LOS ALTOS CALIFORNIA, CA US","37.3581","-122.1472","196.6","2019-07-10",,"68","81","57",
"USR0000CALT","LOS ALTOS CALIFORNIA, CA US","37.3581","-122.1472","196.6","2019-07-11",,"69","88","54",
"USR0000CALT","LOS ALTOS CALIFORNIA, CA US","37.3581","-122.1472","196.6","2019-07-12",,"69","86","56",
"USR0000CALT","LOS ALTOS CALIFORNIA, CA US","37.3581","-122.1472","196.6","2019-07-13",,"68","84","56",
"USR0000CALT","LOS ALTOS CALIFORNIA, CA US","37.3581","-122.1472","196.6","2019-07-14",,"68","82","53",
"USR0000CALT","LOS ALTOS CALIFORNIA, CA US","37.3581","-122.1472","196.6","2019-07-15",,"73","89","57",
"USR0000CALT","LOS ALTOS CALIFORNIA, CA US","37.3581","-122.1472","196.6","2019-07-16",,"71","90","56",
"USR0000CALT","LOS ALTOS CALIFORNIA, CA US","37.3581","-122.1472","196.6","2019-07-17",,"70","89","52",
"USR0000CALT","LOS ALTOS CALIFORNIA, CA US","37.3581","-122.1472","196.6","2019-07-18",,"69","85","57",
"USR0000CALT","LOS ALTOS CALIFORNIA, CA US","37.3581","-122.1472","196.6","2019-07-19",,"70","85","57",
"USR0000CALT","LOS ALTOS CALIFORNIA, CA US","37.3581","-122.1472","196.6","2019-07-20",,"65","81","54",
"USR0000CALT","LOS ALTOS CALIFORNIA, CA US","37.3581","-122.1472","196.6","2019-07-21",,"70","83","59",
"USR0000CALT","LOS ALTOS CALIFORNIA, CA US","37.3581","-122.1472","196.6","2019-07-22",,"71","89","56",
"USR0000CALT","LOS ALTOS CALIFORNIA, CA US","37.3581","-122.1472","196.6","2019-07-23",,"69","83","54",
"USR0000CALT","LOS ALTOS CALIFORNIA, CA US","37.3581","-122.1472","196.6","2019-07-24",,"75","95","54",
"USR0000CALT","LOS ALTOS CALIFORNIA, CA US","37.3581","-122.1472","196.6","2019-07-25",,"72","90","57",
"USR0000CALT","LOS ALTOS CALIFORNIA, CA US","37.3581","-122.1472","196.6","2019-07-26",,"68","83","56",
"USR0000CALT","LOS ALTOS CALIFORNIA, CA US","37.3581","-122.1472","196.6","2019-07-27",,"74","94","57",
"USR0000CALT","LOS ALTOS CALIFORNIA, CA US","37.3581","-122.1472","196.6","2019-07-28",,"74","93","58",
"USR0000CALT","LOS ALTOS CALIFORNIA, CA US","37.3581","-122.1472","196.6","2019-07-29",,"67","83","54",
"USR0000CALT","LOS ALTOS CALIFORNIA, CA US","37.3581","-122.1472","196.6","2019-07-30",,"64","78","50",
"USR0000CALT","LOS ALTOS CALIFORNIA, CA US","37.3581","-122.1472","196.6","2019-07-31",,"67","83","50",
"USR0000CALT","LOS ALTOS CALIFORNIA, CA US","37.3581","-122.1472","196.6","2019-08-01",,"68","82","55",
"USR0000CALT","LOS ALTOS CALIFORNIA, CA US","37.3581","-122.1472","196.6","2019-08-02",,"68","85","53",
"USR0000CALT","LOS ALTOS CALIFORNIA, CA US","37.3581","-122.1472","196.6","2019-08-03",,"70","87","53",
"USR0000CALT","LOS ALTOS CALIFORNIA, CA US","37.3581","-122.1472","196.6","2019-08-04",,"70","87","55",
"USR0000CALT","LOS ALTOS CALIFORNIA, CA US","37.3581","-122.1472","196.6","2019-08-05",,"70","87","54",
"USR0000CALT","LOS ALTOS CALIFORNIA, CA US","37.3581","-122.1472","196.6","2019-08-06",,"70","87","56",
"USR0000CALT","LOS ALTOS CALIFORNIA, CA US","37.3581","-122.1472","196.6","2019-08-07",,"66","82","53",
"USR0000CALT","LOS ALTOS CALIFORNIA, CA US","37.3581","-122.1472","196.6","2019-08-08",,"65","77","54",
"USR0000CALT","LOS ALTOS CALIFORNIA, CA US","37.3581","-122.1472","196.6","2019-08-09",,"68","83","54",
"USR0000CALT","LOS ALTOS CALIFORNIA, CA US","37.3581","-122.1472","196.6","2019-08-10",,"67","81","56",
"USR0000CALT","LOS ALTOS CALIFORNIA, CA US","37.3581","-122.1472","196.6","2019-08-11",,"69","87","53",
"USR0000CALT","LOS ALTOS CALIFORNIA, CA US","37.3581","-122.1472","196.6","2019-08-12",,"73","94","55",
"USR0000CALT","LOS ALTOS CALIFORNIA, CA US","37.3581","-122.1472","196.6","2019-08-13",,"74","94","54",
"USR0000CALT","LOS ALTOS CALIFORNIA, CA US","37.3581","-122.1472","196.6","2019-08-14",,"80","100","59",
"USR0000CALT","LOS ALTOS CALIFORNIA, CA US","37.3581","-122.1472","196.6","2019-08-15",,"82","103","65",
"USR0000CALT","LOS ALTOS CALIFORNIA, CA US","37.3581","-122.1472","196.6","2019-08-16",,"75","94","59",
"USR0000CALT","LOS ALTOS CALIFORNIA, CA US","37.3581","-122.1472","196.6","2019-08-17",,"69","87","55",
"USR0000CALT","LOS ALTOS CALIFORNIA, CA US","37.3581","-122.1472","196.6","2019-08-18",,"65","82","51",
"USR0000CALT","LOS ALTOS CALIFORNIA, CA US","37.3581","-122.1472","196.6","2019-08-19",,"64","78","53",
"USR0000CALT","LOS ALTOS CALIFORNIA, CA US","37.3581","-122.1472","196.6","2019-08-20",,"65","81","52",
"USR0000CALT","LOS ALTOS CALIFORNIA, CA US","37.3581","-122.1472","196.6","2019-08-21",,"71","91","53",
"USR0000CALT","LOS ALTOS CALIFORNIA, CA US","37.3581","-122.1472","196.6","2019-08-22",,"74","92","59",
"USR0000CALT","LOS ALTOS CALIFORNIA, CA US","37.3581","-122.1472","196.6","2019-08-23",,"70","86","56",
"USR0000CALT","LOS ALTOS CALIFORNIA, CA US","37.3581","-122.1472","196.6","2019-08-24",,"70","85","59",
"USR0000CALT","LOS ALTOS CALIFORNIA, CA US","37.3581","-122.1472","196.6","2019-08-25",,"71","88","58",
"USR0000CALT","LOS ALTOS CALIFORNIA, CA US","37.3581","-122.1472","196.6","2019-08-26",,"72","95","54",
"USR0000CALT","LOS ALTOS CALIFORNIA, CA US","37.3581","-122.1472","196.6","2019-08-27",,"71","90","56",
"USR0000CALT","LOS ALTOS CALIFORNIA, CA US","37.3581","-122.1472","196.6","2019-08-28",,"68","80","58",
"USR0000CALT","LOS ALTOS CALIFORNIA, CA US","37.3581","-122.1472","196.6","2019-08-29",,"68","82","58",
"USR0000CALT","LOS ALTOS CALIFORNIA, CA US","37.3581","-122.1472","196.6","2019-08-30",,"67","82","55",
"USR0000CALT","LOS ALTOS CALIFORNIA, CA US","37.3581","-122.1472","196.6","2019-08-31",,"72","93","54",
"USR0000CALT","LOS ALTOS CALIFORNIA, CA US","37.3581","-122.1472","196.6","2019-09-01",,"74","95","59",
"USR0000CALT","LOS ALTOS CALIFORNIA, CA US","37.3581","-122.1472","196.6","2019-09-02",,"70","86","56",
"USR0000CALT","LOS ALTOS CALIFORNIA, CA US","37.3581","-122.1472","196.6","2019-09-03",,"68","85","53",
"USR0000CALT","LOS ALTOS CALIFORNIA, CA US","37.3581","-122.1472","196.6","2019-09-04",,"68","88","55",
"USR0000CALT","LOS ALTOS CALIFORNIA, CA US","37.3581","-122.1472","196.6","2019-09-05",,"66","79","56",
"USR0000CALT","LOS ALTOS CALIFORNIA, CA US","37.3581","-122.1472","196.6","2019-09-06",,"65","80","52",
"USR0000CALT","LOS ALTOS CALIFORNIA, CA US","37.3581","-122.1472","196.6","2019-09-07",,"63","71","52",
"USR0000CALT","LOS ALTOS CALIFORNIA, CA US","37.3581","-122.1472","196.6","2019-09-08",,"66","77","55",
"USR0000CALT","LOS ALTOS CALIFORNIA, CA US","37.3581","-122.1472","196.6","2019-09-09",,"66","82","53",
"USR0000CALT","LOS ALTOS CALIFORNIA, CA US","37.3581","-122.1472","196.6","2019-09-10",,"64","76","54",
"USR0000CALT","LOS ALTOS CALIFORNIA, CA US","37.3581","-122.1472","196.6","2019-09-11",,"69","87","53",
"USR0000CALT","LOS ALTOS CALIFORNIA, CA US","37.3581","-122.1472","196.6","2019-09-12",,"76","94","60",
"USR0000CALT","LOS ALTOS CALIFORNIA, CA US","37.3581","-122.1472","196.6","2019-09-13",,"80","98","66",
"USR0000CALT","LOS ALTOS CALIFORNIA, CA US","37.3581","-122.1472","196.6","2019-09-14",,"73","91","54",
"USR0000CALT","LOS ALTOS CALIFORNIA, CA US","37.3581","-122.1472","196.6","2019-09-15",,"66","82","51",
"USR0000CALT","LOS ALTOS CALIFORNIA, CA US","37.3581","-122.1472","196.6","2019-09-16",,"65","75","54",
"USR0000CALT","LOS ALTOS CALIFORNIA, CA US","37.3581","-122.1472","196.6","2019-09-17",,"64","80","51",
"USR0000CALT","LOS ALTOS CALIFORNIA, CA US","37.3581","-122.1472","196.6","2019-09-18",,"63","74","54",
"USR0000CALT","LOS ALTOS CALIFORNIA, CA US","37.3581","-122.1472","196.6","2019-09-19",,"64","79","52",
"USR0000CALT","LOS ALTOS CALIFORNIA, CA US","37.3581","-122.1472","196.6","2019-09-20",,"69","84","55",
"USR0000CALT","LOS ALTOS CALIFORNIA, CA US","37.3581","-122.1472","196.6","2019-09-21",,"71","89","58",
"USR0000CALT","LOS ALTOS CALIFORNIA, CA US","37.3581","-122.1472","196.6","2019-09-22",,"69","85","57",
"USR0000CALT","LOS ALTOS CALIFORNIA, CA US","37.3581","-122.1472","196.6","2019-09-23",,"69","86","55",
"USR0000CALT","LOS ALTOS CALIFORNIA, CA US","37.3581","-122.1472","196.6","2019-09-24",,"78","96","63",
"USR0000CALT","LOS ALTOS CALIFORNIA, CA US","37.3581","-122.1472","196.6","2019-09-25",,"82","99","70",
"USR0000CALT","LOS ALTOS CALIFORNIA, CA US","37.3581","-122.1472","196.6","2019-09-26",,"73","86","62",
"USR0000CALT","LOS ALTOS CALIFORNIA, CA US","37.3581","-122.1472","196.6","2019-09-27",,"64","74","53",
"USR0000CALT","LOS ALTOS CALIFORNIA, CA US","37.3581","-122.1472","196.6","2019-09-28",,"59","68","52",
"USR0000CALT","LOS ALTOS CALIFORNIA, CA US","37.3581","-122.1472","196.6","2019-09-29",,"58","69","46",
"USR0000CALT","LOS ALTOS CALIFORNIA, CA US","37.3581","-122.1472","196.6","2019-09-30",,"56","69","46",
"USR0000CALT","LOS ALTOS CALIFORNIA, CA US","37.3581","-122.1472","196.6","2019-10-01",,"56","71","43",
"USR0000CALT","LOS ALTOS CALIFORNIA, CA US","37.3581","-122.1472","196.6","2019-10-02",,"60","78","46",
"USR0000CALT","LOS ALTOS CALIFORNIA, CA US","37.3581","-122.1472","196.6","2019-10-03",,"57","75","45",
"USR0000CALT","LOS ALTOS CALIFORNIA, CA US","37.3581","-122.1472","196.6","2019-10-04",,"60","76","50",
"USR0000CALT","LOS ALTOS CALIFORNIA, CA US","37.3581","-122.1472","196.6","2019-10-05",,"65","82","51",
"USR0000CALT","LOS ALTOS CALIFORNIA, CA US","37.3581","-122.1472","196.6","2019-10-06",,"70","87","57",
"USR0000CALT","LOS ALTOS CALIFORNIA, CA US","37.3581","-122.1472","196.6","2019-10-07",,"71","90","59",
"USR0000CALT","LOS ALTOS CALIFORNIA, CA US","37.3581","-122.1472","196.6","2019-10-08",,"69","87","56",
"USR0000CALT","LOS ALTOS CALIFORNIA, CA US","37.3581","-122.1472","196.6","2019-10-09",,"61","77","46",
"USR0000CALT","LOS ALTOS CALIFORNIA, CA US","37.3581","-122.1472","196.6","2019-10-10",,"62","78","46",
"USR0000CALT","LOS ALTOS CALIFORNIA, CA US","37.3581","-122.1472","196.6","2019-10-11",,"63","81","50",
"USR0000CALT","LOS ALTOS CALIFORNIA, CA US","37.3581","-122.1472","196.6","2019-10-12",,"63","83","50",
"USR0000CALT","LOS ALTOS CALIFORNIA, CA US","37.3581","-122.1472","196.6","2019-10-13",,"60","77","46",
"USR0000CALT","LOS ALTOS CALIFORNIA, CA US","37.3581","-122.1472","196.6","2019-10-14",,"57","76","44",
"USR0000CALT","LOS ALTOS CALIFORNIA, CA US","37.3581","-122.1472","196.6","2019-10-15",,"57","75","46",
"USR0000CALT","LOS ALTOS CALIFORNIA, CA US","37.3581","-122.1472","196.6","2019-10-16",,"58","71","46",
"USR0000CALT","LOS ALTOS CALIFORNIA, CA US","37.3581","-122.1472","196.6","2019-10-17",,"62","73","53",
"USR0000CALT","LOS ALTOS CALIFORNIA, CA US","37.3581","-122.1472","196.6","2019-10-18",,"59","73","48",
"USR0000CALT","LOS ALTOS CALIFORNIA, CA US","37.3581","-122.1472","196.6","2019-10-19",,"59","71","49",
"USR0000CALT","LOS ALTOS CALIFORNIA, CA US","37.3581","-122.1472","196.6","2019-10-20",,"62","77","52",
"USR0000CALT","LOS ALTOS CALIFORNIA, CA US","37.3581","-122.1472","196.6","2019-10-21",,"68","85","53",
"USR0000CALT","LOS ALTOS CALIFORNIA, CA US","37.3581","-122.1472","196.6","2019-10-22",,"73","88","61",
"USR0000CALT","LOS ALTOS CALIFORNIA, CA US","37.3581","-122.1472","196.6","2019-10-23",,"72","87","61",
"USR0000CALT","LOS ALTOS CALIFORNIA, CA US","37.3581","-122.1472","196.6","2019-10-24",,"73","91","61",
"USR0000CALT","LOS ALTOS CALIFORNIA, CA US","37.3581","-122.1472","196.6","2019-10-25",,"74","93","60",
"USR0000CALT","LOS ALTOS CALIFORNIA, CA US","37.3581","-122.1472","196.6","2019-10-26",,"67","86","52",
"USR0000CALT","LOS ALTOS CALIFORNIA, CA US","37.3581","-122.1472","196.6","2019-10-27",,"60","68","52",
"USR0000CALT","LOS ALTOS CALIFORNIA, CA US","37.3581","-122.1472","196.6","2019-10-28",,"56","72","45",
"USR0000CALT","LOS ALTOS CALIFORNIA, CA US","37.3581","-122.1472","196.6","2019-10-29",,"55","72","43",
"USR0000CALT","LOS ALTOS CALIFORNIA, CA US","37.3581","-122.1472","196.6","2019-10-30",,"55","71","43",
"USR0000CALT","LOS ALTOS CALIFORNIA, CA US","37.3581","-122.1472","196.6","2019-10-31",,"56","74","43",
"USR0000CALT","LOS ALTOS CALIFORNIA, CA US","37.3581","-122.1472","196.6","2019-11-01",,"58","76","45",
"USR0000CALT","LOS ALTOS CALIFORNIA, CA US","37.3581","-122.1472","196.6","2019-11-02",,"59","78","46",
"USR0000CALT","LOS ALTOS CALIFORNIA, CA US","37.3581","-122.1472","196.6","2019-11-03",,"62","82","50",
"USR0000CALT","LOS ALTOS CALIFORNIA, CA US","37.3581","-122.1472","196.6","2019-11-04",,"60","80","48",
"USR0000CALT","LOS ALTOS CALIFORNIA, CA US","37.3581","-122.1472","196.6","2019-11-05",,"59","78","47",
"USR0000CALT","LOS ALTOS CALIFORNIA, CA US","37.3581","-122.1472","196.6","2019-11-06",,"54","70","45",
"USR0000CALT","LOS ALTOS CALIFORNIA, CA US","37.3581","-122.1472","196.6","2019-11-07",,"53","71","44",
"USR0000CALT","LOS ALTOS CALIFORNIA, CA US","37.3581","-122.1472","196.6","2019-11-08",,"54","73","45",
"USR0000CALT","LOS ALTOS CALIFORNIA, CA US","37.3581","-122.1472","196.6","2019-11-09",,"53","71","45",
"USR0000CALT","LOS ALTOS CALIFORNIA, CA US","37.3581","-122.1472","196.6","2019-11-10",,"56","77","44",
"USR0000CALT","LOS ALTOS CALIFORNIA, CA US","37.3581","-122.1472","196.6","2019-11-11",,"63","83","49",
"USR0000CALT","LOS ALTOS CALIFORNIA, CA US","37.3581","-122.1472","196.6","2019-11-12",,"62","79","53",
"USR0000CALT","LOS ALTOS CALIFORNIA, CA US","37.3581","-122.1472","196.6","2019-11-13",,"57","69","49",
"USR0000CALT","LOS ALTOS CALIFORNIA, CA US","37.3581","-122.1472","196.6","2019-11-14",,"56","62","49",
"USR0000CALT","LOS ALTOS CALIFORNIA, CA US","37.3581","-122.1472","196.6","2019-11-15",,"57","69","50",
"USR0000CALT","LOS ALTOS CALIFORNIA, CA US","37.3581","-122.1472","196.6","2019-11-16",,"58","76","46",
"USR0000CALT","LOS ALTOS CALIFORNIA, CA US","37.3581","-122.1472","196.6","2019-11-17",,"61","78","50",
"USR0000CALT","LOS ALTOS CALIFORNIA, CA US","37.3581","-122.1472","196.6","2019-11-18",,"61","80","50",
"USR0000CALT","LOS ALTOS CALIFORNIA, CA US","37.3581","-122.1472","196.6","2019-11-19",,"56","66","51",
"USR0000CALT","LOS ALTOS CALIFORNIA, CA US","37.3581","-122.1472","196.6","2019-11-20",,"57","69","49",
"USR0000CALT","LOS ALTOS CALIFORNIA, CA US","37.3581","-122.1472","196.6","2019-11-21",,"53","65","44",
"USR0000CALT","LOS ALTOS CALIFORNIA, CA US","37.3581","-122.1472","196.6","2019-11-22",,"53","66","44",
"USR0000CALT","LOS ALTOS CALIFORNIA, CA US","37.3581","-122.1472","196.6","2019-11-23",,"55","72","45",
"USR0000CALT","LOS ALTOS CALIFORNIA, CA US","37.3581","-122.1472","196.6","2019-11-24",,"55","72","45",
"USR0000CALT","LOS ALTOS CALIFORNIA, CA US","37.3581","-122.1472","196.6","2019-11-25",,"54","66","44",
"USR0000CALT","LOS ALTOS CALIFORNIA, CA US","37.3581","-122.1472","196.6","2019-11-26",,"48","54","41",
"USR0000CALT","LOS ALTOS CALIFORNIA, CA US","37.3581","-122.1472","196.6","2019-11-27",,"43","50","36",
"USR0000CALT","LOS ALTOS CALIFORNIA, CA US","37.3581","-122.1472","196.6","2019-11-28",,"40","47","33",
"USR0000CALT","LOS ALTOS CALIFORNIA, CA US","37.3581","-122.1472","196.6","2019-11-29",,"43","53","36",
"USR0000CALT","LOS ALTOS CALIFORNIA, CA US","37.3581","-122.1472","196.6","2019-11-30",,"46","55","38",
"USR0000CALT","LOS ALTOS CALIFORNIA, CA US","37.3581","-122.1472","196.6","2019-12-01",,"54","58","51",
"USR0000CALT","LOS ALTOS CALIFORNIA, CA US","37.3581","-122.1472","196.6","2019-12-02",,"54","58","51",
"USR0000CALT","LOS ALTOS CALIFORNIA, CA US","37.3581","-122.1472","196.6","2019-12-03",,"53","60","49",
"USR0000CALT","LOS ALTOS CALIFORNIA, CA US","37.3581","-122.1472","196.6","2019-12-04",,"53","55","51",
"USR0000CALT","LOS ALTOS CALIFORNIA, CA US","37.3581","-122.1472","196.6","2019-12-05",,"54","59","46",
"USR0000CALT","LOS ALTOS CALIFORNIA, CA US","37.3581","-122.1472","196.6","2019-12-06",,"57","64","53",
"USR0000CALT","LOS ALTOS CALIFORNIA, CA US","37.3581","-122.1472","196.6","2019-12-07",,"58","62","54",
"USR0000CALT","LOS ALTOS CALIFORNIA, CA US","37.3581","-122.1472","196.6","2019-12-08",,"54","59","51",
"USR0000CALT","LOS ALTOS CALIFORNIA, CA US","37.3581","-122.1472","196.6","2019-12-09",,"51","57","46",
"USR0000CALT","LOS ALTOS CALIFORNIA, CA US","37.3581","-122.1472","196.6","2019-12-10",,"52","59","46",
"USR0000CALT","LOS ALTOS CALIFORNIA, CA US","37.3581","-122.1472","196.6","2019-12-11",,"56","66","50",
"USR0000CALT","LOS ALTOS CALIFORNIA, CA US","37.3581","-122.1472","196.6","2019-12-12",,"60","68","57",
"USR0000CALT","LOS ALTOS CALIFORNIA, CA US","37.3581","-122.1472","196.6","2019-12-13",,"57","62","51",
"USR0000CALT","LOS ALTOS CALIFORNIA, CA US","37.3581","-122.1472","196.6","2019-12-14",,"51","58","47",
"USR0000CALT","LOS ALTOS CALIFORNIA, CA US","37.3581","-122.1472","196.6","2019-12-15",,"49","57","42",
"USR0000CALT","LOS ALTOS CALIFORNIA, CA US","37.3581","-122.1472","196.6","2019-12-16",,"45","59","38",
"USR0000CALT","LOS ALTOS CALIFORNIA, CA US","37.3581","-122.1472","196.6","2019-12-17",,"48","57","38",
"USR0000CALT","LOS ALTOS CALIFORNIA, CA US","37.3581","-122.1472","196.6","2019-12-18",,"50","55","47",
"USR0000CALT","LOS ALTOS CALIFORNIA, CA US","37.3581","-122.1472","196.6","2019-12-19",,"53","62","46",
"USR0000CALT","LOS ALTOS CALIFORNIA, CA US","37.3581","-122.1472","196.6","2019-12-20",,"51","62","44",
"USR0000CALT","LOS ALTOS CALIFORNIA, CA US","37.3581","-122.1472","196.6","2019-12-21",,"53","59","45",
"USR0000CALT","LOS ALTOS CALIFORNIA, CA US","37.3581","-122.1472","196.6","2019-12-22",,"49","56","41",
"USR0000CALT","LOS ALTOS CALIFORNIA, CA US","37.3581","-122.1472","196.6","2019-12-23",,"44","55","39",
"USR0000CALT","LOS ALTOS CALIFORNIA, CA US","37.3581","-122.1472","196.6","2019-12-24",,"46","51","41",
"USR0000CALT","LOS ALTOS CALIFORNIA, CA US","37.3581","-122.1472","196.6","2019-12-25",,"47","51","42",
"USR0000CALT","LOS ALTOS CALIFORNIA, CA US","37.3581","-122.1472","196.6","2019-12-26",,"47","58","41",
"USR0000CALT","LOS ALTOS CALIFORNIA, CA US","37.3581","-122.1472","196.6","2019-12-27",,"46","60","37",
"USR0000CALT","LOS ALTOS CALIFORNIA, CA US","37.3581","-122.1472","196.6","2019-12-28",,"47","63","38",
"USR0000CALT","LOS ALTOS CALIFORNIA, CA US","37.3581","-122.1472","196.6","2019-12-29",,"49","56","43",
"USR0000CALT","LOS ALTOS CALIFORNIA, CA US","37.3581","-122.1472","196.6","2019-12-30",,"49","61","43",
"USR0000CALT","LOS ALTOS CALIFORNIA, CA US","37.3581","-122.1472","196.6","2019-12-31",,"51","67","43",
"USC00045123","LOS GATOS, CA US","37.2319","-121.9592","111.3","2019-01-03","0.00",,"57","44","44"
"USC00045123","LOS GATOS, CA US","37.2319","-121.9592","111.3","2019-01-04","0.00",,"61","32","52"
"USC00045123","LOS GATOS, CA US","37.2319","-121.9592","111.3","2019-01-05","0.55",,"55","47","50"
"USC00045123","LOS GATOS, CA US","37.2319","-121.9592","111.3","2019-01-06","2.00",,"57","44","57"
"USC00045123","LOS GATOS, CA US","37.2319","-121.9592","111.3","2019-01-09","0.50",,"61","44","55"
"USC00045123","LOS GATOS, CA US","37.2319","-121.9592","111.3","2019-01-10","0.00",,"63","41","60"
"USC00045123","LOS GATOS, CA US","37.2319","-121.9592","111.3","2019-01-11","0.05",,"62","44","55"
"USC00045123","LOS GATOS, CA US","37.2319","-121.9592","111.3","2019-01-12","0.00",,"60","43","54"
"USC00045123","LOS GATOS, CA US","37.2319","-121.9592","111.3","2019-01-13","0.00",,"60","41","53"
"USC00045123","LOS GATOS, CA US","37.2319","-121.9592","111.3","2019-01-14","0.10",,"58","46","50"
"USC00045123","LOS GATOS, CA US","37.2319","-121.9592","111.3","2019-01-15","0.85",,"58","44","53"
"USC00045123","LOS GATOS, CA US","37.2319","-121.9592","111.3","2019-01-16","1.20",,"62","53","59"
"USC00045123","LOS GATOS, CA US","37.2319","-121.9592","111.3","2019-01-19","0.00",,"70","56",
"USC00045123","LOS GATOS, CA US","37.2319","-121.9592","111.3","2019-01-20","0.00",,"70","53",
"USC00045123","LOS GATOS, CA US","37.2319","-121.9592","111.3","2019-01-21","0.15",,"70","42","43"
"USC00045123","LOS GATOS, CA US","37.2319","-121.9592","111.3","2019-01-22","0.00",,"58","37","47"
"USC00045123","LOS GATOS, CA US","37.2319","-121.9592","111.3","2019-01-27","0.00",,"66","35","60"
"USC00045123","LOS GATOS, CA US","37.2319","-121.9592","111.3","2019-01-28","0.00",,"67","46","61"
